City_ID,City,Lat,Lng,Max Temp,Humidity,Cloudiness,Wind Speed,Country,Date
0,Saskylakh,71.9167,114.0833,60.67,58,98,9.08,RU,2021-07-27 03:01:03
1,Hilo,19.7297,-155.09,75.79,94,49,1.99,US,2021-07-27 03:01:03
2,Khatanga,71.9667,102.5,72.72,52,99,18.72,RU,2021-07-27 03:02:12
3,Roebourne,-20.7833,117.1333,78.8,50,96,10.78,AU,2021-07-27 03:02:13
4,Sao Filipe,14.8961,-24.4956,74.77,86,25,8.84,CV,2021-07-27 03:02:13
5,Zhigansk,66.7697,123.3711,62.35,53,6,17.65,RU,2021-07-27 03:00:32
6,Gat,31.61,34.7642,77.4,86,0,3.78,IL,2021-07-27 03:02:14
7,Carnarvon,-24.8667,113.6333,70.25,58,17,17.56,AU,2021-07-27 03:02:14
8,Sistranda,63.7256,8.834,70.9,79,10,6.89,NO,2021-07-27 03:02:14
9,Castro,-24.7911,-50.0119,58.21,60,61,5.14,BR,2021-07-27 03:01:16
10,Hermanus,-34.4187,19.2345,52.9,65,2,11.01,ZA,2021-07-27 03:02:15
11,Port Alfred,-33.5906,26.891,61.45,31,30,11.21,ZA,2021-07-27 03:02:15
12,East London,-33.0153,27.9116,65.01,27,6,12.77,ZA,2021-07-27 03:02:15
13,Port Hedland,-20.3167,118.5667,80.65,47,89,13.8,AU,2021-07-27 03:02:16
14,Praia Da Vitoria,38.7333,-27.0667,73.76,89,95,9.98,PT,2021-07-27 03:02:17
15,Ahipara,-35.1667,173.1667,57.9,68,3,16.15,NZ,2021-07-27 03:02:17
16,Racale,39.9631,18.0938,75.83,75,0,11.97,IT,2021-07-27 03:02:17
17,Katsuura,35.1333,140.3,80.71,89,99,17.87,JP,2021-07-27 03:02:18
18,Maningrida,-12.0667,134.2667,86.16,43,57,9.01,AU,2021-07-27 03:02:18
19,Vaini,-21.2,-175.2,73.35,73,99,15.14,TO,2021-07-27 03:02:19
20,Rikitea,-23.1203,-134.9692,74.98,81,98,18.41,PF,2021-07-27 03:00:45
21,Thompson,55.7435,-97.8558,60.84,41,10,3.04,CA,2021-07-27 03:02:19
22,Cidreira,-30.1811,-50.2056,62.35,98,100,8.95,BR,2021-07-27 03:02:20
23,Mariakani,-3.8633,39.4736,65.86,91,8,7.38,KE,2021-07-27 03:02:20
24,Kodiak,57.79,-152.4072,57.97,74,44,5.17,US,2021-07-27 03:02:11
25,Albany,42.6001,-73.9662,69.78,82,0,4.12,US,2021-07-27 03:01:53
26,Arraial Do Cabo,-22.9661,-42.0278,69.94,85,0,25.08,BR,2021-07-27 03:02:21
27,Hobart,-42.8794,147.3294,61.27,56,75,4.0,AU,2021-07-27 03:02:22
28,Port Pirie,-33.1833,138.0167,68.09,37,13,31.59,AU,2021-07-27 03:02:22
29,Orsk,51.2049,58.5668,64.74,47,10,5.75,RU,2021-07-27 03:02:23
30,Vokhtoga,58.8147,41.0461,57.31,93,10,3.06,RU,2021-07-27 03:02:23
31,Ribeira Grande,38.5167,-28.7,71.11,88,95,9.08,PT,2021-07-27 03:02:23
32,Lagoa,39.05,-27.9833,70.9,86,100,13.0,PT,2021-07-27 03:02:24
33,Micheweni,-4.9667,39.8333,75.29,72,13,16.49,TZ,2021-07-27 03:02:24
34,Oxford,51.7522,-1.256,65.05,91,100,6.82,GB,2021-07-27 03:00:05
35,Kaitangata,-46.2817,169.8464,55.92,47,8,8.1,NZ,2021-07-27 03:02:24
36,Mabaruma,8.2,-59.7833,74.93,93,100,2.28,GY,2021-07-27 03:02:25
37,Nanortalik,60.1432,-45.2371,45.3,88,67,11.16,GL,2021-07-27 03:02:25
38,Qaanaaq,77.484,-69.3632,42.21,87,100,9.37,GL,2021-07-27 03:00:26
39,Bredasdorp,-34.5322,20.0403,50.58,62,6,5.57,ZA,2021-07-27 03:00:54
40,Saint-Philippe,-21.3585,55.7679,65.79,84,83,9.15,RE,2021-07-27 03:02:26
41,Longyearbyen,78.2186,15.6401,42.64,93,90,1.14,SJ,2021-07-27 03:02:26
42,Forbes,-33.3833,148.0167,61.92,60,55,16.33,AU,2021-07-27 03:02:27
43,Wanaka,-44.7,169.15,49.1,99,14,1.99,NZ,2021-07-27 02:59:34
44,Harrisburg,40.2737,-76.8844,78.06,79,54,1.66,US,2021-07-27 03:00:08
45,Ilabaya,-17.4208,-70.5133,59.52,58,0,0.94,PE,2021-07-27 03:02:28
46,Tahta,26.7693,31.5021,81.27,28,0,7.56,EG,2021-07-27 03:02:28
47,Vao,-22.6667,167.4833,68.38,60,15,15.37,NC,2021-07-27 03:02:28
48,Kabanjahe,3.1001,98.4908,72.36,62,98,2.55,ID,2021-07-27 03:02:29
49,Razdolnoye,43.55,131.9167,84.61,43,23,7.7,RU,2021-07-27 03:02:29
50,Baghdad,33.3406,44.4009,87.71,30,0,8.05,IQ,2021-07-27 02:58:08
51,Kununurra,-15.7667,128.7333,85.98,42,62,5.75,AU,2021-07-27 03:02:29
52,Ketchikan,55.3422,-131.6461,56.07,94,99,5.53,US,2021-07-27 03:02:30
53,Yellowknife,62.456,-114.3525,59.32,59,99,1.99,CA,2021-07-27 03:00:54
54,Jamestown,42.097,-79.2353,69.51,90,0,4.23,US,2021-07-27 03:01:21
55,Vila Velha,-20.3297,-40.2925,68.14,78,10,6.35,BR,2021-07-27 03:00:45
56,Bambanglipuro,-7.95,110.2833,82.67,63,94,7.49,ID,2021-07-27 03:02:31
57,Maxixe,-23.8597,35.3472,61.48,71,2,5.48,MZ,2021-07-27 03:02:31
58,Japura,-0.3167,102.35,86.97,50,29,4.74,ID,2021-07-27 03:02:31
59,Bethel,41.3712,-73.414,74.62,86,2,3.31,US,2021-07-27 03:00:59
60,Ushtobe,45.2514,77.9838,81.41,42,3,10.13,KZ,2021-07-27 03:02:32
61,Beloha,-25.1667,45.05,60.89,71,57,14.36,MG,2021-07-27 03:02:33
62,Ushuaia,-54.8,-68.3,32.68,93,98,4.32,AR,2021-07-27 03:02:33
63,Hornepayne,49.2138,-84.7705,55.92,90,100,2.62,CA,2021-07-27 03:02:34
64,Virginia Beach,36.8529,-75.978,74.01,85,95,6.24,US,2021-07-27 03:00:13
65,Puerto Ayora,-0.7393,-90.3518,71.55,87,43,7.0,EC,2021-07-27 03:02:34
66,Busselton,-33.65,115.3333,56.05,57,96,25.19,AU,2021-07-27 03:02:35
67,Samana,19.2056,-69.3369,78.91,92,84,6.62,DO,2021-07-27 03:00:15
68,Atuona,-9.8,-139.0333,77.47,75,36,21.59,PF,2021-07-27 03:00:29
69,Chicama,-7.8447,-79.1469,65.52,86,65,6.24,PE,2021-07-27 03:02:10
70,Murray Bridge,-35.1167,139.2667,69.82,42,58,22.97,AU,2021-07-27 03:02:36
71,Mar Del Plata,-38.0023,-57.5575,39.0,45,10,11.01,AR,2021-07-27 03:00:08
72,Madukkur,10.4833,79.4,85.46,57,100,11.61,IN,2021-07-27 03:02:36
73,Kapaa,22.0752,-159.319,84.18,79,89,4.0,US,2021-07-27 03:02:37
74,Rovaniemi,66.5,25.7167,58.41,82,0,3.44,FI,2021-07-27 03:02:37
75,El Alto,-4.2714,-81.2147,66.15,86,59,12.26,PE,2021-07-27 03:02:38
76,Ancud,-41.8697,-73.8203,41.99,80,26,4.7,CL,2021-07-27 03:01:51
77,Hirado,33.3597,129.5531,90.75,73,1,8.32,JP,2021-07-27 03:02:38
78,Hithadhoo,-0.6,73.0833,81.21,73,100,5.21,MV,2021-07-27 03:02:39
79,Punta Arenas,-53.15,-70.9167,39.11,86,95,7.96,CL,2021-07-27 03:02:39
80,Tuktoyaktuk,69.4541,-133.0374,46.44,74,100,10.49,CA,2021-07-27 03:02:39
81,Barrow,71.2906,-156.7887,46.42,93,90,8.05,US,2021-07-27 03:02:40
82,Ayacucho,-13.1583,-74.2239,52.75,66,19,3.56,PE,2021-07-27 03:02:40
83,Ambositra,-20.5167,47.25,47.35,86,93,2.33,MG,2021-07-27 03:02:41
84,Ogori,34.1,131.4,92.25,73,2,2.68,JP,2021-07-27 03:02:41
85,Karatau,43.1667,70.4667,78.71,33,0,15.23,KZ,2021-07-27 03:02:42
86,Shache,38.4167,77.2406,93.51,20,100,2.68,CN,2021-07-27 03:02:43
87,Pevek,69.7008,170.3133,36.46,88,86,18.61,RU,2021-07-27 03:02:43
88,Nizhneangarsk,55.7833,109.55,64.09,58,3,2.86,RU,2021-07-27 03:02:43
89,Cape Town,-33.9258,18.4232,57.88,84,0,1.99,ZA,2021-07-27 02:59:04
90,Port Hardy,50.6996,-127.4199,58.44,82,83,10.18,CA,2021-07-27 03:02:44
91,Maizuru,35.45,135.3333,88.95,68,100,12.46,JP,2021-07-27 03:01:17
92,Bathsheba,13.2167,-59.5167,80.13,75,6,13.04,BB,2021-07-27 03:02:45
93,Ventspils,57.3894,21.5606,66.13,82,0,4.61,LV,2021-07-27 03:02:45
94,Shieli,44.1667,66.75,84.45,21,0,17.56,KZ,2021-07-27 03:02:45
95,Ostrovnoy,68.0531,39.5131,46.08,85,100,22.35,RU,2021-07-27 03:02:46
96,Kaohsiung,22.6163,120.3133,94.08,74,75,3.0,TW,2021-07-27 03:01:46
97,Alihe,50.5667,123.7167,67.69,90,93,4.16,CN,2021-07-27 03:02:46
98,Kawalu,-7.3817,108.2082,83.34,54,23,4.54,ID,2021-07-27 03:02:47
99,Khanewal,30.3,71.9333,89.42,47,61,17.52,PK,2021-07-27 03:02:47
100,Necochea,-38.5473,-58.7368,37.04,69,95,21.9,AR,2021-07-27 03:02:47
101,Lorengau,-2.0226,147.2712,82.92,76,83,3.74,PG,2021-07-27 03:02:48
102,Menongue,-14.6585,17.691,43.86,58,4,4.97,AO,2021-07-27 03:02:48
103,Koszeg,47.3892,16.541,67.1,87,55,1.05,HU,2021-07-27 03:02:49
104,Chokurdakh,70.6333,147.9167,45.05,63,100,13.29,RU,2021-07-27 03:02:49
105,Saldanha,-33.0117,17.9442,55.22,91,0,9.95,ZA,2021-07-27 03:02:49
106,Nagorsk,59.3172,50.8078,52.72,92,42,7.7,RU,2021-07-27 03:02:50
107,Tocopilla,-22.092,-70.1979,59.5,75,11,7.56,CL,2021-07-27 03:02:50
108,Lalmohan,22.3384,90.7419,83.28,78,95,9.78,BD,2021-07-27 03:02:51
109,Chapais,49.7834,-74.8492,48.6,91,100,6.82,CA,2021-07-27 03:02:51
110,Mahebourg,-20.4081,57.7,67.24,78,76,14.72,MU,2021-07-27 03:02:51
111,Airai,-8.9266,125.4092,76.66,27,72,5.3,TL,2021-07-27 03:02:52
112,Georgetown,5.4112,100.3354,85.95,78,20,5.75,MY,2021-07-27 03:00:35
113,Natal,-5.795,-35.2094,73.22,87,1,6.8,BR,2021-07-27 03:02:53
114,Rawson,-43.3002,-65.1023,42.24,73,86,32.93,AR,2021-07-27 03:02:15
115,Tasiilaq,65.6145,-37.6368,35.08,89,27,5.61,GL,2021-07-27 03:02:53
116,Nhulunbuy,-12.2333,136.7667,83.01,65,75,13.8,AU,2021-07-27 03:02:54
117,Yar-Sale,66.8333,70.8333,54.86,58,68,8.16,RU,2021-07-27 03:02:54
118,Yoichi,43.2039,140.7703,78.76,70,1,5.3,JP,2021-07-27 03:02:55
119,Havoysund,70.9963,24.6622,52.63,76,35,5.88,NO,2021-07-27 03:02:55
120,Iqaluit,63.7506,-68.5145,47.7,87,100,1.86,CA,2021-07-27 03:02:55
121,Seoul,37.5683,126.9778,92.59,41,8,1.03,KR,2021-07-27 03:00:14
122,Orange,33.7,-117.7675,80.53,81,90,1.01,US,2021-07-27 03:02:56
123,Mwingi,-0.9344,38.0601,57.72,75,57,3.69,KE,2021-07-27 03:02:56
124,Esperance,-33.8667,121.9,58.84,70,75,37.38,AU,2021-07-27 03:01:03
125,Tombouctou,20.0,-3.0,90.48,42,55,24.45,ML,2021-07-27 03:02:57
126,Lubaczow,50.157,23.1234,69.28,89,82,6.24,PL,2021-07-27 03:02:57
127,Lebu,-37.6167,-73.65,45.07,79,55,16.89,CL,2021-07-27 03:02:58
128,Coquimbo,-29.9533,-71.3436,54.09,81,0,5.5,CL,2021-07-27 03:02:58
129,Pacifica,37.6138,-122.4869,77.58,84,65,5.01,US,2021-07-27 02:58:24
130,Mitla,16.9167,-96.4,70.03,88,100,4.88,MX,2021-07-27 03:02:59
131,Marrakesh,31.6315,-8.0083,69.87,73,0,5.75,MA,2021-07-27 02:58:06
132,Maragogi,-9.0122,-35.2225,73.08,90,27,6.82,BR,2021-07-27 03:01:39
133,Volchansk,59.9378,60.081,53.96,94,100,7.43,RU,2021-07-27 03:02:59
134,Requena,39.4883,-1.1004,62.71,88,1,1.16,ES,2021-07-27 03:03:00
135,Kantang,7.4054,99.5156,84.18,79,62,8.9,TH,2021-07-27 03:03:00
136,Halifax,44.6453,-63.5724,66.69,94,70,5.01,CA,2021-07-27 02:59:37
137,Matara,5.9485,80.5353,82.45,78,96,13.49,LK,2021-07-27 03:03:01
138,Kavieng,-2.5744,150.7967,85.12,65,43,4.32,PG,2021-07-27 03:03:01
139,Fukue,32.6881,128.8419,81.23,73,0,2.77,JP,2021-07-27 03:03:01
140,Ponta Do Sol,32.6667,-17.1,74.03,71,1,4.83,PT,2021-07-27 03:00:28
141,Nikolskoye,59.7035,30.7861,66.79,70,7,3.6,RU,2021-07-27 03:03:02
142,San Ignacio,17.1561,-89.0714,73.74,87,5,0.69,BZ,2021-07-27 03:03:02
143,Bluff,-46.6,168.3333,52.81,71,22,21.34,NZ,2021-07-27 03:01:08
144,Lompoc,34.6391,-120.4579,74.21,84,90,5.75,US,2021-07-27 03:01:34
145,Isangel,-19.55,169.2667,74.53,64,100,15.39,VU,2021-07-27 03:03:03
146,Nalut,30.3333,10.85,77.81,30,0,14.88,LY,2021-07-27 03:03:03
147,Mao,39.8885,4.2658,73.96,73,0,8.05,ES,2021-07-27 03:03:04
148,Tiksi,71.6872,128.8694,37.87,89,81,9.64,RU,2021-07-27 03:01:40
149,Dunedin,-45.8742,170.5036,56.8,41,5,7.0,NZ,2021-07-27 03:03:05
150,Bambous Virieux,-20.3428,57.7575,67.21,77,75,14.25,MU,2021-07-27 03:01:35
151,Najran,17.4924,44.1277,82.62,36,75,4.97,SA,2021-07-27 03:03:05
152,Erenhot,43.6475,111.9767,73.06,46,9,5.84,CN,2021-07-27 03:03:05
153,Helong,42.5397,128.9972,89.01,51,11,4.81,CN,2021-07-27 03:03:06
154,Mataura,-46.1927,168.8643,52.48,70,13,4.74,NZ,2021-07-27 03:03:06
155,Wanning,18.8003,110.3967,91.76,60,34,6.69,CN,2021-07-27 03:03:06
156,Celestun,20.8667,-90.4,80.4,81,1,5.17,MX,2021-07-27 03:02:02
157,Norman Wells,65.282,-126.8329,63.59,55,99,3.58,CA,2021-07-27 03:03:07
158,Provideniya,64.3833,-173.3,50.11,81,90,11.18,RU,2021-07-27 03:03:08
159,Ossora,59.2353,163.0719,65.12,65,100,16.33,RU,2021-07-27 03:03:08
160,Poum,-20.2333,164.0167,71.92,64,49,8.52,NC,2021-07-27 03:03:08
161,Jalu,29.0331,21.5482,78.48,44,0,6.11,LY,2021-07-27 03:03:09
162,Luanda,-8.8368,13.2343,69.06,89,99,5.01,AO,2021-07-27 03:01:49
163,Kaeo,-35.1,173.7833,60.33,71,3,11.95,NZ,2021-07-27 03:03:09
164,Victoria,22.2855,114.1577,94.96,79,99,5.99,HK,2021-07-27 02:59:35
165,Paamiut,61.994,-49.6678,44.74,94,100,11.97,GL,2021-07-27 03:03:10
166,French Harbor,16.35,-86.4333,82.0,88,4,14.67,HN,2021-07-27 03:03:10
167,Salair,54.2312,85.7972,60.73,69,33,8.68,RU,2021-07-27 03:03:11
168,Kahului,20.8947,-156.47,83.46,82,78,10.0,US,2021-07-27 03:02:27
169,Grand Gaube,-20.0064,57.6608,67.37,88,77,3.0,MU,2021-07-27 03:03:11
170,Manyana,-23.4,21.7167,40.64,54,0,8.66,BW,2021-07-27 03:03:12
171,Narsaq,60.9167,-46.05,49.68,81,82,6.49,GL,2021-07-27 03:01:41
172,Torbay,47.6666,-52.7314,56.75,92,0,1.99,CA,2021-07-27 03:03:12
173,Weihe,32.9952,105.3247,75.69,57,100,4.27,CN,2021-07-27 03:03:12
174,Yumen,40.2833,97.2,84.2,17,70,15.82,CN,2021-07-27 03:03:13
175,Chandbali,20.7833,86.7667,85.24,68,100,16.35,IN,2021-07-27 03:03:13
176,Bosaso,11.2842,49.1816,86.74,40,40,19.24,SO,2021-07-27 03:03:13
177,Edson,53.5835,-116.4356,63.93,75,61,5.93,CA,2021-07-27 03:00:06
178,Namibe,-15.1961,12.1522,63.9,80,0,3.76,AO,2021-07-27 03:02:14
179,Namatanai,-3.6667,152.4333,84.7,67,23,5.46,PG,2021-07-27 03:03:14
180,Fortuna,40.5982,-124.1573,56.86,90,90,1.01,US,2021-07-27 03:03:15
181,Belmonte,-15.8631,-38.8828,70.74,83,3,3.89,BR,2021-07-27 03:03:15
182,Margate,51.3813,1.3862,64.18,94,100,1.99,GB,2021-07-27 03:01:06
183,Winslow,35.0242,-110.6974,79.97,47,1,1.01,US,2021-07-27 03:03:16
184,Valentin Gomez Farias,28.2167,-106.5833,77.05,30,29,3.36,MX,2021-07-27 03:03:16
185,Elban,50.1018,136.5094,85.78,58,94,5.82,RU,2021-07-27 03:03:16
186,Dikson,73.5069,80.5464,38.7,99,100,8.95,RU,2021-07-27 03:03:17
187,Oussouye,12.485,-16.5469,77.99,82,92,6.46,SN,2021-07-27 03:03:17
188,Sitka,57.0531,-135.33,59.11,77,84,4.43,US,2021-07-27 03:03:18
189,Manaus,-3.1019,-60.025,79.29,89,0,2.3,BR,2021-07-27 03:03:18
190,Chuy,-33.6971,-53.4616,45.37,85,0,7.83,UY,2021-07-27 03:03:18
191,Strezhevoy,60.7333,77.5889,55.38,59,35,13.33,RU,2021-07-27 03:03:19
192,Strongsville,41.3145,-81.8357,74.71,77,20,4.61,US,2021-07-27 03:03:19
193,Mareeba,-17.0,145.4333,77.32,67,70,5.91,AU,2021-07-27 03:03:19
194,Saint-Augustin,51.226,-58.6502,57.83,92,100,9.06,CA,2021-07-27 03:03:20
195,Hasaki,35.7333,140.8333,81.28,74,23,19.95,JP,2021-07-27 03:03:20
196,Saint-Pierre,-21.3393,55.4781,65.88,75,75,6.91,RE,2021-07-27 03:02:18
197,Banjar,-8.19,114.9675,82.26,49,11,2.35,ID,2021-07-27 03:03:21
198,Sao Joao Da Barra,-21.6403,-41.0511,69.15,86,0,13.29,BR,2021-07-27 03:02:34
199,Okato,-39.2,173.8833,55.42,76,38,18.99,NZ,2021-07-27 03:03:21
200,Bengkulu,-3.8004,102.2655,83.82,57,15,1.54,ID,2021-07-27 03:03:22
201,Aklavik,68.2191,-135.0107,54.72,84,100,3.4,CA,2021-07-27 03:03:22
202,Caiaponia,-16.9567,-51.8103,62.82,43,1,2.35,BR,2021-07-27 03:03:23
203,Husavik,66.0449,-17.3389,50.02,81,91,2.39,IS,2021-07-27 03:03:23
204,Koumac,-20.5667,164.2833,74.23,56,55,10.11,NC,2021-07-27 03:03:23
205,Avarua,-21.2078,-159.775,77.05,73,40,6.91,CK,2021-07-27 03:00:47
206,Ijuin,31.6167,130.4,87.91,53,0,3.71,JP,2021-07-27 03:03:24
207,Saint George,37.1041,-113.5841,79.54,83,1,3.44,US,2021-07-27 03:03:24
208,Rauma,61.1272,21.5113,57.24,67,95,5.28,FI,2021-07-27 03:03:24
209,Rosita,13.9268,-84.4032,74.03,96,96,1.34,NI,2021-07-27 03:03:25
210,Stornoway,58.2093,-6.3865,57.92,100,90,6.91,GB,2021-07-27 03:03:25
211,Juterbog,51.9833,13.0833,68.52,92,99,6.71,DE,2021-07-27 03:03:26
212,Antalaha,-14.9003,50.2788,67.5,82,76,9.95,MG,2021-07-27 03:03:26
213,Cherskiy,68.75,161.3,52.25,50,11,23.2,RU,2021-07-27 03:03:26
214,Te Anau,-45.4167,167.7167,48.63,70,33,5.68,NZ,2021-07-27 03:01:57
215,Dingle,10.9995,122.6711,88.66,62,45,18.1,PH,2021-07-27 03:03:27
216,Luderitz,-26.6481,15.1594,58.91,67,0,6.8,NA,2021-07-27 03:03:28
217,Alofi,-19.0595,-169.9187,76.24,76,37,2.8,NU,2021-07-27 03:03:28
218,Kandiari,26.9156,68.5216,89.4,60,100,12.12,PK,2021-07-27 03:03:28
219,Saint-Joseph,-21.3667,55.6167,64.78,82,42,11.36,RE,2021-07-27 03:03:29
220,Amazar,53.858,120.875,71.74,67,86,4.07,RU,2021-07-27 03:03:29
221,Neuquen,-38.9516,-68.0591,43.12,45,2,13.98,AR,2021-07-27 03:00:17
222,Egra,50.0796,12.3739,63.57,95,6,3.98,CZ,2021-07-27 02:59:25
223,Adrar,20.5022,-10.0711,87.66,27,42,15.84,MR,2021-07-27 03:02:19
224,Lahaina,20.8783,-156.6825,83.44,84,57,11.88,US,2021-07-27 03:03:30
225,De-Kastri,51.4667,140.7833,68.67,92,100,4.54,RU,2021-07-27 03:03:31
226,Muroto,33.2833,134.15,81.12,69,17,2.62,JP,2021-07-27 03:03:31
227,Fontenay-Le-Comte,46.5833,-1.0,67.64,89,100,5.35,FR,2021-07-27 03:03:31
228,Tura,25.5198,90.2201,80.87,89,100,5.01,IN,2021-07-27 03:03:32
229,Pacific Grove,36.6177,-121.9166,73.15,86,90,3.0,US,2021-07-27 03:03:32
230,Nouadhibou,20.931,-17.0347,69.87,85,5,20.76,MR,2021-07-27 03:02:09
231,Izhevskoye,54.5567,40.8703,65.19,59,86,4.23,RU,2021-07-27 03:03:33
232,Morgantown,39.6295,-79.9559,74.91,85,1,3.71,US,2021-07-27 02:59:18
233,Acapulco,16.8634,-99.8901,81.36,82,21,3.58,MX,2021-07-27 03:00:01
234,Canberra,-35.2835,149.1281,58.98,60,75,8.99,AU,2021-07-27 03:03:34
235,La Paz,-16.5,-68.15,44.58,36,20,5.75,BO,2021-07-27 02:58:40
236,Yakeshi,49.2833,120.7333,61.36,98,100,5.75,CN,2021-07-27 03:03:34
237,Upernavik,72.7868,-56.1549,46.18,90,100,9.42,GL,2021-07-27 03:03:35
238,Teya,60.3778,92.6267,80.42,46,37,8.81,RU,2021-07-27 03:03:35
239,Sitrah,26.1547,50.6206,96.37,69,1,1.01,BH,2021-07-27 03:03:35
240,Vilhena,-12.7406,-60.1458,72.91,51,38,2.46,BR,2021-07-27 03:03:36
241,Mogzon,51.7435,111.9606,67.12,67,63,7.0,RU,2021-07-27 03:03:36
242,Severobaykalsk,55.65,109.3167,65.75,54,3,1.9,RU,2021-07-27 03:03:37
243,Alyangula,-13.8483,136.4192,78.78,70,66,1.88,AU,2021-07-27 03:03:37
244,Acajutla,13.5928,-89.8275,80.8,83,2,4.03,SV,2021-07-27 03:00:25
245,Petatlan,17.5167,-101.2667,79.56,90,96,1.41,MX,2021-07-27 03:03:37
246,Egvekinot,66.3167,-179.1667,46.04,91,100,5.01,RU,2021-07-27 03:01:08
247,Sur,22.5667,59.5289,92.01,51,53,14.45,OM,2021-07-27 03:03:38
248,Ilulissat,69.2167,-51.1,45.1,90,99,6.89,GL,2021-07-27 03:03:38
249,Kulhudhuffushi,6.6221,73.07,81.28,78,100,15.35,MV,2021-07-27 03:03:39
250,Cayenne,4.9333,-52.3333,82.09,83,0,3.0,GF,2021-07-27 03:00:06
251,Moultrie,31.1799,-83.7891,84.47,89,1,0.0,US,2021-07-27 03:01:59
252,Amlame,7.4667,0.9,66.99,97,83,4.12,TG,2021-07-27 03:03:39
253,Povenets,62.8487,34.8262,57.13,58,96,5.26,RU,2021-07-27 03:03:40
254,Soyo,-6.1349,12.3689,71.49,89,97,4.0,AO,2021-07-27 03:03:40
255,Anacortes,48.5126,-122.6127,72.7,75,1,7.0,US,2021-07-27 03:01:05
256,Cabo San Lucas,22.8909,-109.9124,89.51,72,1,5.99,MX,2021-07-27 03:03:26
257,Bijie,27.3125,105.2942,73.92,74,7,5.7,CN,2021-07-27 03:03:41
258,Wronki,52.7105,16.3804,65.28,91,95,5.59,PL,2021-07-27 03:01:00
259,New Norfolk,-42.7826,147.0587,60.93,61,58,4.0,AU,2021-07-27 03:01:16
260,Malanje,-9.5402,16.341,58.82,37,100,3.83,AO,2021-07-27 03:03:42
261,San Cristobal,7.7669,-72.225,66.61,94,99,2.24,VE,2021-07-27 03:03:42
262,Manzil Salim,35.8567,8.4765,71.06,58,25,1.92,TN,2021-07-27 03:03:43
263,Coihaique,-45.5752,-72.0662,32.0,98,54,5.46,CL,2021-07-27 03:01:11
264,Ambon,-3.6954,128.1814,82.54,83,20,4.61,ID,2021-07-27 03:03:43
265,Gbarnga,6.9956,-9.4722,70.18,99,100,2.46,LR,2021-07-27 03:03:44
266,Qaqortoq,60.7167,-46.0333,44.42,95,79,8.39,GL,2021-07-27 03:03:44
267,Jertih,5.7336,102.4897,88.32,64,85,0.98,MY,2021-07-27 03:03:44
268,Vila Franca Do Campo,37.7167,-25.4333,70.21,92,94,4.97,PT,2021-07-27 03:03:45
269,Gus-Zheleznyy,55.0581,41.1656,64.22,66,47,3.13,RU,2021-07-27 03:03:45
270,Minab,27.1467,57.0801,90.9,46,75,2.84,IR,2021-07-27 03:03:46
271,Chatra,24.2167,84.8667,80.42,79,100,7.47,IN,2021-07-27 03:03:46
272,Nioro,13.35,-15.75,76.3,86,37,4.74,GM,2021-07-27 03:03:46
273,Los Llanos De Aridane,28.6585,-17.9182,69.55,96,90,13.8,ES,2021-07-27 03:03:47
274,Shenzhen,22.5455,114.0683,95.86,82,100,5.93,CN,2021-07-27 03:02:55
275,Chumikan,54.7183,135.315,74.59,45,69,2.24,RU,2021-07-27 03:03:47
276,Bridlington,54.0831,-0.1919,60.89,87,51,3.53,GB,2021-07-27 03:03:48
277,Cervo,43.6702,-7.4101,63.97,86,4,6.38,ES,2021-07-27 03:03:48
278,Nome,64.5011,-165.4064,50.07,93,90,10.36,US,2021-07-27 03:00:13
279,Chernyshevskiy,63.0128,112.4714,86.0,33,7,3.15,RU,2021-07-27 03:03:49
280,Hongjiang,27.11,109.9956,91.76,54,6,4.34,CN,2021-07-27 03:03:49
281,Whitehorse,60.7161,-135.0538,51.31,87,100,10.0,CA,2021-07-27 03:00:06
282,Shimoda,34.6667,138.95,82.51,87,100,5.95,JP,2021-07-27 03:01:49
283,Hailar,49.2,119.7,63.12,94,100,6.26,CN,2021-07-27 03:03:50
284,Asmara,15.3333,38.9333,60.84,71,100,6.58,ER,2021-07-27 03:03:50
285,Butaritari,3.0707,172.7902,82.44,74,41,5.88,KI,2021-07-27 03:00:35
286,Matehuala,23.65,-100.65,73.65,53,27,7.78,MX,2021-07-27 03:03:52
287,Waipawa,-41.4122,175.5153,50.63,89,100,14.09,NZ,2021-07-27 03:03:52
288,Padang,-0.9492,100.3543,86.05,68,8,2.68,ID,2021-07-27 03:03:52
289,Sakaiminato,35.55,133.2333,82.26,70,18,7.38,JP,2021-07-27 03:03:53
290,Kupino,54.3663,77.2981,60.75,58,1,8.72,RU,2021-07-27 03:03:53
291,Atasu,48.6814,71.6433,68.2,42,0,7.29,KZ,2021-07-27 03:03:54
292,Port Lincoln,-34.7333,135.8667,63.52,48,86,30.33,AU,2021-07-27 03:00:04
293,Chateaubelair,13.2833,-61.25,78.48,81,92,9.78,VC,2021-07-27 03:03:54
294,Bolobo,-2.1667,16.2333,69.06,44,42,4.25,CD,2021-07-27 03:03:55
295,Port Blair,11.6667,92.75,84.31,80,75,20.67,IN,2021-07-27 03:03:55
296,Barabai,-2.5833,115.3833,90.37,50,22,0.67,ID,2021-07-27 03:03:56
297,Watsa,3.0372,29.5355,62.49,97,100,1.01,CD,2021-07-27 03:03:56
298,Tuatapere,-46.1333,167.6833,52.83,62,14,4.97,NZ,2021-07-27 03:03:57
299,Baracoa,20.3467,-74.4958,80.11,87,100,4.45,CU,2021-07-27 03:03:14
300,Mbaiki,3.8678,17.9892,70.23,91,99,1.36,CF,2021-07-27 03:03:57
301,Balikpapan,-1.2675,116.8289,78.78,82,99,8.5,ID,2021-07-27 03:03:58
302,Vanimo,-2.6741,141.3028,86.05,65,47,7.58,PG,2021-07-27 03:03:58
303,Souillac,-20.5167,57.5167,67.35,82,90,13.47,MU,2021-07-27 03:03:58
304,Flinders,-34.5833,150.8552,69.39,46,1,5.99,AU,2021-07-27 03:03:59
305,Thinadhoo,0.5333,72.9333,81.37,72,100,5.32,MV,2021-07-27 03:03:59
306,Inirida,3.8653,-67.9239,71.4,97,87,2.19,CO,2021-07-27 03:03:59
307,Ahuimanu,21.4447,-157.8378,85.71,66,40,13.8,US,2021-07-27 03:04:00
308,Vero Beach,27.6386,-80.3973,81.03,91,1,1.01,US,2021-07-27 03:04:00
309,College,64.8569,-147.8028,70.29,51,95,3.0,US,2021-07-27 03:02:04
310,Dejen,10.1667,38.1333,51.53,97,100,4.23,ET,2021-07-27 03:04:01
311,Cordoba,-31.4135,-64.1811,46.76,38,4,4.0,AR,2021-07-27 03:00:24
312,Santa Cruz Cabralia,-16.2781,-39.0247,69.3,86,0,3.44,BR,2021-07-27 03:04:01
313,Gilgit,35.9221,74.3087,90.91,45,0,2.17,PK,2021-07-27 03:04:02
314,Gwanda,-20.9333,29.0,42.42,80,0,5.08,ZW,2021-07-27 03:04:02
315,Inongo,-1.95,18.2667,66.2,54,74,3.6,CD,2021-07-27 03:04:03
316,Tiarei,-17.5333,-149.3333,82.0,74,32,7.11,PF,2021-07-27 03:04:03
317,Pangody,65.85,74.4859,55.0,60,100,12.5,RU,2021-07-27 03:04:04
318,Sabha,27.0377,14.4283,80.44,26,6,14.18,LY,2021-07-27 03:02:25
319,Mandera,3.9366,41.867,73.11,67,85,14.88,KE,2021-07-27 03:02:17
320,Kralendijk,12.15,-68.2667,81.23,88,46,19.19,BQ,2021-07-27 03:04:05
321,Leningradskiy,69.3833,178.4167,40.69,83,86,9.62,RU,2021-07-27 03:04:05
322,Beringovskiy,63.05,179.3167,51.22,93,100,8.34,RU,2021-07-27 03:04:06
323,Sandnessjoen,66.0217,12.6316,66.18,66,70,18.39,NO,2021-07-27 03:04:06
324,Kirakira,-10.4544,161.9205,84.04,72,32,10.36,SB,2021-07-27 03:04:06
325,Gamba,-2.65,10.0,71.08,88,93,2.59,GA,2021-07-27 03:04:07
326,Puerto Palomas,31.7667,-107.6167,81.73,61,64,28.88,MX,2021-07-27 03:04:07
327,North Myrtle Beach,33.816,-78.68,82.49,89,75,1.01,US,2021-07-27 03:04:08
328,Takoradi,4.8845,-1.7554,75.54,80,100,10.38,GH,2021-07-27 03:02:40
329,Xianyang,34.3378,108.7026,90.25,33,92,3.15,CN,2021-07-27 03:04:08
330,Mayahi,13.9553,7.6712,76.28,79,100,12.95,NE,2021-07-27 03:04:09
331,Meulaboh,4.1363,96.1285,83.75,69,65,1.41,ID,2021-07-27 03:04:09
332,Mayumba,-3.432,10.6554,69.94,91,73,0.67,GA,2021-07-27 03:04:09
333,Lazaro Cardenas,17.9583,-102.2,81.46,82,70,1.86,MX,2021-07-27 02:59:13
334,Port Elizabeth,-33.918,25.5701,71.1,33,78,15.26,ZA,2021-07-27 03:01:39
335,Klaksvik,62.2266,-6.589,50.92,99,100,7.85,FO,2021-07-27 03:04:10
336,Padampur,29.6833,73.6167,90.91,55,99,16.91,IN,2021-07-27 03:04:11
337,Sabang,5.8933,95.3214,83.82,75,75,18.1,ID,2021-07-27 03:04:11
338,Safakulevo,54.9901,62.5442,58.93,63,47,9.51,RU,2021-07-27 03:04:11
339,Dourbali,11.8091,15.8632,76.12,83,100,6.6,TD,2021-07-27 03:04:12
340,Constitucion,-35.3333,-72.4167,44.74,67,0,12.93,CL,2021-07-27 03:04:12
341,Rocha,-34.4833,-54.3333,43.23,92,4,5.97,UY,2021-07-27 03:01:27
342,Usinsk,65.9939,57.5281,42.69,89,100,12.19,RU,2021-07-27 03:01:49
343,Salalah,17.0151,54.0924,76.77,94,98,12.28,OM,2021-07-27 03:00:08
344,Zinder,13.8072,8.9881,74.91,80,100,12.33,NE,2021-07-27 03:04:13
345,Colares,38.7992,-9.4469,67.28,76,2,11.99,PT,2021-07-27 03:03:38
346,Petropavlovsk-Kamchatskiy,53.0452,158.6483,73.99,57,75,8.95,RU,2021-07-27 03:02:45
347,Bilibino,68.0546,166.4372,55.94,45,76,16.87,RU,2021-07-27 03:04:14
348,Pisco,-13.7,-76.2167,64.45,82,0,10.36,PE,2021-07-27 03:04:14
349,Kavaratti,10.5669,72.642,81.41,79,100,19.69,IN,2021-07-27 03:03:28
350,Igarka,67.4667,86.5833,79.61,50,89,17.25,RU,2021-07-27 03:04:15
351,Ulagan,50.6321,87.9563,71.73,51,23,0.96,RU,2021-07-27 03:04:15
352,Berlevag,70.8578,29.0864,41.0,81,43,4.16,NO,2021-07-27 03:04:16
353,Amapa,1.0,-52.0,70.21,97,64,2.21,BR,2021-07-27 03:04:16
354,Mitsamiouli,-11.3847,43.2844,75.34,67,10,6.8,KM,2021-07-27 03:00:50
355,Liverpool,53.4106,-2.9779,61.68,81,75,1.01,GB,2021-07-27 03:03:06
356,Fasa,28.9383,53.6482,82.58,22,12,11.52,IR,2021-07-27 03:04:17
357,Portland,45.5234,-122.6762,85.42,49,1,3.0,US,2021-07-27 03:02:42
358,San Jeronimo,-11.9472,-75.2829,47.23,78,30,1.81,PE,2021-07-27 03:04:17
359,Faanui,-16.4833,-151.75,78.37,76,53,9.89,PF,2021-07-27 03:04:18
360,Yashkul,46.1711,45.3435,79.32,27,98,8.75,RU,2021-07-27 03:04:18
361,Brae,60.3964,-1.353,55.31,98,100,10.85,GB,2021-07-27 03:03:10
362,Prince Rupert,54.3161,-130.3201,57.61,89,83,0.31,CA,2021-07-27 03:04:19
363,Concarneau,47.875,-3.9225,64.06,92,100,9.19,FR,2021-07-27 03:04:19
364,Tshela,-4.9833,12.9333,68.79,91,96,0.56,CD,2021-07-27 03:04:20
365,Severo-Kurilsk,50.6789,156.125,61.56,87,78,9.8,RU,2021-07-27 03:04:20
366,Coahuayana,18.7333,-103.6833,79.81,88,57,0.63,MX,2021-07-27 03:02:45
367,Mettlach,49.4935,6.5969,63.52,99,70,3.38,DE,2021-07-27 03:04:21
368,Mount Gambier,-37.8333,140.7667,57.11,54,100,20.71,AU,2021-07-27 03:04:21
369,Biak,-0.9131,122.8766,81.55,63,61,9.35,ID,2021-07-27 03:04:13
370,Panguna,-6.3164,155.4848,77.18,82,39,1.77,PG,2021-07-27 03:04:22
371,Ewa Beach,21.3156,-158.0072,85.95,59,75,12.66,US,2021-07-27 03:04:22
372,Sao Gabriel Da Cachoeira,-0.1303,-67.0892,71.06,99,95,2.17,BR,2021-07-27 03:04:22
373,Kruisfontein,-34.0033,24.7314,68.88,27,11,19.33,ZA,2021-07-27 03:01:59
374,Olga,43.7444,135.2892,83.07,67,32,6.98,RU,2021-07-27 03:04:23
375,Qeshm,26.9581,56.2719,91.27,73,77,4.56,IR,2021-07-27 03:04:23
376,Vostok,46.4856,135.8833,87.4,51,99,4.54,RU,2021-07-27 03:04:24
377,Yeysk,46.6989,38.2792,75.99,52,90,13.67,RU,2021-07-27 03:04:24
378,Catamarca,-28.4696,-65.7852,53.64,61,1,1.79,AR,2021-07-27 03:04:24
379,Inhambane,-23.865,35.3833,63.21,67,2,6.62,MZ,2021-07-27 03:04:25
380,Quatre Cocos,-20.2078,57.7625,67.08,77,77,13.4,MU,2021-07-27 03:04:25
381,Teahupoo,-17.8333,-149.2667,76.53,75,20,5.64,PF,2021-07-27 03:04:25
382,Gueret,46.1667,1.8667,57.83,98,100,3.18,FR,2021-07-27 03:00:09
383,Rio Gallegos,-51.6226,-69.2181,39.07,86,100,8.72,AR,2021-07-27 03:01:31
384,Fuerte Olimpo,-21.0415,-57.8738,79.83,35,68,3.47,PY,2021-07-27 03:04:26
385,Myitkyina,25.3833,97.4,81.77,86,95,1.07,MM,2021-07-27 03:04:26
386,Ossipee,43.6854,-71.1167,70.0,91,23,3.0,US,2021-07-27 03:04:27
387,Ranong,9.9658,98.6348,82.65,82,98,14.09,TH,2021-07-27 03:04:27
388,Tomislavgrad,43.7181,17.2267,71.04,43,77,4.85,BA,2021-07-27 03:04:28
389,Yerbogachen,61.2767,108.0108,85.05,38,4,8.16,RU,2021-07-27 03:04:28
390,Hami,42.8,93.45,91.04,16,0,10.25,CN,2021-07-27 03:04:28
391,Hamilton,39.1834,-84.5333,76.84,75,1,0.0,US,2021-07-27 03:03:53
392,Geraldton,-28.7667,114.6,66.61,59,90,24.16,AU,2021-07-27 03:00:25
393,Hammerfest,70.6634,23.6821,52.25,93,0,0.0,NO,2021-07-27 03:04:29
394,Iralaya,15.0,-83.2333,79.86,85,41,10.02,HN,2021-07-27 03:04:29
395,Mosquera,4.7059,-74.2302,51.89,93,75,6.91,CO,2021-07-27 03:04:30
396,Bayir,37.2687,28.2167,72.12,53,0,5.61,TR,2021-07-27 03:04:30
397,Jurado,7.1053,-77.7641,76.08,88,100,1.07,CO,2021-07-27 03:04:30
398,Port-Gentil,-0.7193,8.7815,74.23,81,90,10.18,GA,2021-07-27 03:02:27
399,Iracoubo,5.4802,-53.2011,76.93,87,74,6.33,GF,2021-07-27 03:01:12
400,Bojnurd,37.4747,57.329,77.83,51,1,6.62,IR,2021-07-27 03:04:31
401,Cabedelo,-6.9811,-34.8339,75.16,83,4,8.05,BR,2021-07-27 03:03:57
402,Bystryy Istok,52.371,84.3873,66.58,67,24,6.78,RU,2021-07-27 03:04:32
403,Vestmanna,62.1564,-7.1664,49.12,100,90,5.75,FO,2021-07-27 03:04:32
404,Lensk,60.7253,114.9278,88.84,31,5,5.95,RU,2021-07-27 03:04:32
405,Karaton,-6.3424,106.1045,86.95,55,14,1.83,ID,2021-07-27 03:04:33
406,Farmington,36.7281,-108.2187,70.48,75,90,6.91,US,2021-07-27 03:04:11
407,Almaznyy,48.0448,40.045,69.94,49,41,7.74,RU,2021-07-27 03:04:33
408,Quelimane,-17.8786,36.8883,59.99,94,17,4.7,MZ,2021-07-27 03:04:34
409,Okhotsk,59.3833,143.3,70.32,70,23,7.0,RU,2021-07-27 03:04:34
410,Aguada De Cima,40.5229,-8.427,64.49,96,48,0.94,PT,2021-07-27 03:04:34
411,Krasnoselkup,65.7,82.4667,53.15,98,100,10.96,RU,2021-07-27 03:04:35
412,Darhan,49.4867,105.9228,70.36,58,21,3.67,MN,2021-07-27 03:04:35
413,Tyukhtet,56.5389,89.3011,64.96,79,100,11.01,RU,2021-07-27 03:04:36
414,Kemijarvi,66.7131,27.4306,56.3,71,93,2.42,FI,2021-07-27 03:04:36
415,Havre-Saint-Pierre,50.2334,-63.5986,58.28,98,84,5.21,CA,2021-07-27 03:04:36
416,Xuddur,4.1213,43.8894,68.04,83,60,18.95,SO,2021-07-27 03:04:37
417,Tuytepa,41.0321,69.3625,80.94,28,0,11.56,UZ,2021-07-27 03:04:37
418,Starosubkhangulovo,53.1031,57.4423,58.87,57,6,1.16,RU,2021-07-27 03:04:38
419,Lavrentiya,65.5833,-171.0,44.89,99,100,4.18,RU,2021-07-27 03:01:02
420,Harwich,51.9419,1.2844,64.35,93,100,1.99,GB,2021-07-27 03:04:38
421,San Patricio,28.017,-97.5169,84.04,70,3,8.66,US,2021-07-27 03:04:38
422,Changde,29.0464,111.6783,92.91,63,0,8.34,CN,2021-07-27 03:04:39
423,Cocobeach,1.0002,9.5823,76.93,84,97,10.56,GA,2021-07-27 03:04:39
424,Altay,47.8667,88.1167,81.3,32,0,5.55,CN,2021-07-27 03:04:40
425,Kisanga,-7.4362,37.7034,63.99,61,7,4.43,TZ,2021-07-27 03:04:40
426,Kirksville,40.1948,-92.5833,75.06,94,1,0.0,US,2021-07-27 03:04:40
427,Gigmoto,13.7796,124.39,86.31,73,100,14.97,PH,2021-07-27 03:04:41
428,San Quintin,30.4833,-115.95,68.23,82,1,8.97,MX,2021-07-27 03:04:41
429,Santander Jimenez,24.2167,-98.4667,78.42,78,0,7.56,MX,2021-07-27 03:04:42
430,Taguatinga,-12.3857,-46.5711,67.84,43,1,5.17,BR,2021-07-27 03:04:42
431,Venado Tuerto,-33.7456,-61.9688,41.61,38,0,9.55,AR,2021-07-27 03:00:04
432,Dubbo,-32.25,148.6167,62.73,45,53,19.57,AU,2021-07-27 03:04:42
433,Guerrero Negro,27.9769,-114.0611,68.88,80,0,15.73,MX,2021-07-27 03:04:43
434,Mapiri,-15.25,-68.1667,69.13,79,66,1.86,BO,2021-07-27 03:04:43
435,Akcakoca,41.0866,31.1162,68.67,80,0,4.43,TR,2021-07-27 03:04:44
436,Miri,4.4148,114.0089,86.68,67,53,7.81,MY,2021-07-27 03:04:44
437,Zhanaozen,43.3,52.8,81.41,26,100,19.77,KZ,2021-07-27 03:04:44
438,Sobolevo,54.4299,31.8996,61.83,78,16,5.23,RU,2021-07-27 03:03:42
439,Porto Walter,-8.2686,-72.7439,74.35,74,0,1.25,BR,2021-07-27 03:04:45
440,Zhucheng,35.9947,119.3975,86.4,63,80,16.75,CN,2021-07-27 03:04:45
441,Buala,-8.145,159.5921,79.34,83,97,4.59,SB,2021-07-27 03:04:46
442,Isiro,2.7739,27.616,65.97,99,97,2.8,CD,2021-07-27 03:04:46
443,Shambu,9.5667,37.1,49.87,96,100,1.5,ET,2021-07-27 03:04:47
444,Yulara,-25.2406,130.9889,80.44,16,8,25.32,AU,2021-07-27 03:04:47
445,Udachnyy,66.4167,112.4,85.96,34,49,6.51,RU,2021-07-27 03:04:47
446,Kindu,-2.95,25.95,67.26,45,18,3.13,CD,2021-07-27 03:04:48
447,Iranshahr,27.2025,60.6848,93.58,25,90,3.27,IR,2021-07-27 03:04:48
448,Nakamura,32.9833,132.9333,92.53,46,53,0.6,JP,2021-07-27 03:04:49
449,Capoterra,39.1763,8.9718,77.41,83,20,2.3,IT,2021-07-27 03:04:49
450,Mundo Nuevo,18.7,-95.5,81.46,78,7,8.3,MX,2021-07-27 03:04:49
451,Korla,41.7597,86.1469,91.83,17,0,11.45,CN,2021-07-27 03:04:50
452,Manoel Urbano,-8.8389,-69.2597,75.38,72,22,3.06,BR,2021-07-27 03:04:50
453,Salinopolis,-0.6136,-47.3561,77.43,84,8,9.75,BR,2021-07-27 03:04:50
454,Sadri,25.1833,73.4333,78.26,86,100,11.68,IN,2021-07-27 03:04:51
455,Pangkalanbuun,-2.6833,111.6167,88.38,56,69,4.32,ID,2021-07-27 03:01:18
456,Kampong Thum,12.7111,104.8887,88.68,59,19,9.35,KH,2021-07-27 03:04:51
457,Ajdabiya,30.7554,20.2263,75.51,56,0,8.99,LY,2021-07-27 03:04:52
458,Rantauprapat,2.1,99.8333,84.33,71,69,3.0,ID,2021-07-27 03:04:52
459,Astoria,46.1879,-123.8313,74.08,86,20,1.01,US,2021-07-27 03:02:30
460,Urengoy,65.9667,78.3667,47.68,96,100,18.95,RU,2021-07-27 03:04:53
461,Riyadh,24.6877,46.7219,91.15,26,100,9.78,SA,2021-07-27 03:02:21
462,Belaya Gora,68.5333,146.4167,60.53,37,50,10.63,RU,2021-07-27 03:04:09
463,Urucara,-2.5364,-57.76,75.15,66,59,2.62,BR,2021-07-27 03:04:53
464,Ulladulla,-35.35,150.4667,70.88,43,1,12.57,AU,2021-07-27 03:04:54
465,Noci,40.7907,17.1317,74.64,44,2,3.09,IT,2021-07-27 03:04:54
466,Kiunga,-6.1219,141.2906,80.4,78,99,3.85,PG,2021-07-27 03:04:54
467,Talnakh,69.4865,88.3972,81.36,47,99,13.6,RU,2021-07-27 03:04:55
468,Mehamn,71.0357,27.8492,40.95,93,0,2.3,NO,2021-07-27 03:03:10
469,Fallon,39.4735,-118.7774,92.98,22,75,12.66,US,2021-07-27 03:04:55
470,Dhidhdhoo,6.8833,73.1,81.37,78,100,15.79,MV,2021-07-27 03:04:56
471,Altayskoye,51.9533,85.3325,61.41,95,100,3.02,RU,2021-07-27 03:04:56
472,Sola,-13.8833,167.55,80.53,77,59,16.26,VU,2021-07-27 03:01:58
473,Anapolis,-16.3267,-48.9528,60.64,47,0,5.21,BR,2021-07-27 03:01:02
474,Camacha,33.0833,-16.3333,70.56,78,40,9.22,PT,2021-07-27 03:04:43
475,Codrington,-38.2667,141.9667,56.77,62,100,23.42,AU,2021-07-27 03:03:51
476,Staryy Nadym,65.6118,72.6842,56.66,54,98,6.78,RU,2021-07-27 03:04:57
477,Cortez,37.3489,-108.5859,68.76,74,20,11.5,US,2021-07-27 03:04:58
478,Port Augusta,-32.5,137.7667,69.94,27,3,32.73,AU,2021-07-27 03:04:58
479,Hermiston,45.8404,-119.2895,91.45,33,1,5.08,US,2021-07-27 03:04:58
480,Poya,-21.35,165.15,76.59,45,4,9.93,NC,2021-07-27 03:04:59
481,Smithers,54.7804,-127.1743,59.25,74,43,3.98,CA,2021-07-27 03:04:59
482,Fort Frances,48.5999,-93.4003,66.16,80,20,6.91,CA,2021-07-27 03:03:25
483,Vestmannaeyjar,63.4427,-20.2734,50.7,80,100,14.07,IS,2021-07-27 03:05:00
484,Mayo,38.8876,-76.5119,79.11,89,35,1.01,US,2021-07-27 03:01:20
485,Wadi Musa,30.3222,35.4793,68.95,58,0,3.15,JO,2021-07-27 03:05:00
486,Cunduacan,18.0667,-93.1667,78.76,86,96,4.81,MX,2021-07-27 03:05:01
487,Katherine,-14.4667,132.2667,86.32,35,33,4.61,AU,2021-07-27 03:05:01
488,Buraydah,26.326,43.975,91.09,18,100,10.85,SA,2021-07-27 03:05:01
489,Bodden Town,19.2833,-81.25,82.4,80,40,1.99,KY,2021-07-27 03:05:02
490,Bima,-8.4667,118.7167,91.47,36,46,4.38,ID,2021-07-27 03:05:02
491,Crotone,39.0851,17.1178,77.94,71,0,4.81,IT,2021-07-27 03:05:03
492,San Felipe,10.3399,-68.7425,71.98,98,94,1.5,VE,2021-07-27 03:05:03
493,Clyde River,70.4692,-68.5914,35.83,100,75,8.05,CA,2021-07-27 03:05:10
494,Beyneu,45.3167,55.2,78.73,21,4,14.14,KZ,2021-07-27 03:05:10
495,Mackay,-21.15,149.2,75.69,65,7,9.6,AU,2021-07-27 03:05:11
496,Fez,34.0372,-4.9998,68.25,72,0,3.44,MA,2021-07-27 03:05:06
497,Gushikawa,26.3544,127.8686,87.39,85,75,13.8,JP,2021-07-27 03:05:11
498,Cassilandia,-19.1133,-51.7342,66.49,33,3,3.56,BR,2021-07-27 03:04:29
499,Ayan,56.45,138.1667,70.83,57,96,6.91,RU,2021-07-27 03:05:12
500,Brigantine,39.4101,-74.3646,78.04,89,1,0.0,US,2021-07-27 03:02:43
501,Taoudenni,22.6783,-3.9836,96.55,8,0,4.45,ML,2021-07-27 03:02:30
502,Aykhal,66.0,111.5,84.09,34,35,5.48,RU,2021-07-27 03:05:13
503,Sinnamary,5.3833,-52.95,77.41,86,70,5.93,GF,2021-07-27 03:01:12
504,Sladkovo,55.5284,70.3385,62.62,48,94,8.5,RU,2021-07-27 03:05:13
505,Karratha,-20.7377,116.8463,77.41,56,91,11.21,AU,2021-07-27 03:04:32
506,San Joaquin,37.9333,-121.3011,91.11,39,1,6.91,US,2021-07-27 03:05:14
507,Baykit,61.67,96.37,84.87,34,2,9.84,RU,2021-07-27 03:05:14
508,Muzhi,65.3667,64.6667,51.28,63,94,4.81,RU,2021-07-27 03:05:15
509,Sorland,67.667,12.6934,53.62,94,36,13.09,NO,2021-07-27 03:05:15
510,Talcahuano,-36.7167,-73.1167,40.68,93,0,4.61,CL,2021-07-27 03:05:16
511,Mae Sai,20.4335,99.8762,82.4,90,85,2.39,TH,2021-07-27 03:05:17
512,Datong,40.0936,113.2914,79.0,46,72,4.5,CN,2021-07-27 03:05:18
513,Bonfim,3.0833,-59.95,76.5,86,64,3.91,BR,2021-07-27 03:05:18
514,Huarmey,-10.0681,-78.1522,65.26,87,47,9.04,PE,2021-07-27 03:05:18
515,Campoverde,-8.4753,-74.8058,76.69,69,6,2.08,PE,2021-07-27 03:05:19
516,Minna,9.6139,6.5569,70.29,96,100,3.49,NG,2021-07-27 03:05:19
517,Gambela,8.25,34.5833,65.77,94,95,2.86,ET,2021-07-27 03:05:20
518,Richards Bay,-28.783,32.0377,60.22,60,21,14.56,ZA,2021-07-27 03:05:20
519,Zanzibar,-6.1639,39.1979,70.48,82,16,9.06,TZ,2021-07-27 03:00:21
520,Impfondo,1.6381,18.0667,72.48,75,86,3.02,CG,2021-07-27 03:05:21
521,Vulcan,45.3833,23.2667,62.64,60,21,2.42,RO,2021-07-27 03:05:21
522,Swellendam,-34.0226,20.4417,56.08,51,19,6.87,ZA,2021-07-27 03:05:21
523,Otane,-39.8833,176.6333,57.0,60,100,10.96,NZ,2021-07-27 03:05:22
524,San Jose,37.3394,-121.895,78.96,58,75,3.0,US,2021-07-27 03:05:22
525,Srednekolymsk,67.45,153.6833,56.44,44,96,18.43,RU,2021-07-27 03:05:23
526,Te Karaka,-38.4654,177.8679,54.88,67,100,5.68,NZ,2021-07-27 03:05:23
527,Vila,42.0304,-8.1588,52.93,91,22,2.37,PT,2021-07-27 03:05:24
528,Ha Giang,22.8333,104.9833,93.34,54,20,1.16,VN,2021-07-27 03:05:24
529,Taltal,-25.4,-70.4833,57.18,72,0,4.25,CL,2021-07-27 03:01:12
530,Tuskegee,32.424,-85.6916,81.91,69,60,2.8,US,2021-07-27 03:05:25
531,Rio Verde De Mato Grosso,-18.9181,-54.8442,74.14,38,5,1.28,BR,2021-07-27 03:05:25
532,Hirara,24.8,125.2833,84.06,94,75,8.05,JP,2021-07-27 03:05:25
533,Leshukonskoye,64.8989,45.7622,46.54,87,100,11.16,RU,2021-07-27 03:03:59
534,Severnyy,50.677,36.5532,62.64,67,0,2.24,RU,2021-07-27 03:05:26
535,Kailaras,26.3167,77.6167,83.1,79,95,15.23,IN,2021-07-27 03:05:26
536,Itoman,26.1247,127.6694,88.18,82,75,17.27,JP,2021-07-27 03:05:27
537,Hargeysa,9.56,44.065,66.42,58,97,30.2,SO,2021-07-27 03:01:07
538,Amuntai,-2.4177,115.2494,89.55,53,35,2.59,ID,2021-07-27 03:05:27
539,Korampallam,8.7667,78.1,84.49,65,20,11.5,IN,2021-07-27 03:05:28
540,Iquique,-20.2208,-70.1431,59.04,77,23,3.06,CL,2021-07-27 03:05:28
541,Aquiraz,-3.9014,-38.3911,80.69,84,1,12.01,BR,2021-07-27 03:05:28
542,Rognan,67.0953,15.3878,58.87,61,37,6.93,NO,2021-07-27 03:05:29
543,Pemangkat,1.1667,108.9667,85.73,72,98,7.49,ID,2021-07-27 03:05:29
544,Bandarbeyla,9.4942,50.8122,78.1,62,25,23.4,SO,2021-07-27 03:05:30
545,Djambala,-2.5447,14.7533,66.51,66,67,3.24,CG,2021-07-27 03:05:30
546,Santa Vitoria Do Palmar,-33.5189,-53.3681,45.68,84,2,8.1,BR,2021-07-27 03:05:31
547,Bassar,9.25,0.7833,71.71,82,99,5.79,TG,2021-07-27 03:05:31
548,Andreyevo,55.9465,41.1505,61.79,69,29,3.58,RU,2021-07-27 03:05:31
549,Jaisalmer,26.9147,70.9181,82.81,71,100,24.18,IN,2021-07-27 03:05:32
550,Jinchang,38.4953,102.1739,75.33,32,100,20.58,CN,2021-07-27 03:05:32
551,Laguna,38.421,-121.4238,89.46,37,1,4.0,US,2021-07-27 03:01:56
552,Eureka,40.8021,-124.1637,57.13,82,100,1.01,US,2021-07-27 03:05:33
553,Olafsvik,64.8945,-23.7142,50.29,84,96,12.8,IS,2021-07-27 03:05:33
554,Barentu,15.1139,37.5928,67.26,90,100,8.21,ER,2021-07-27 03:05:33
555,Aasiaat,68.7098,-52.8699,42.78,97,99,13.33,GL,2021-07-27 03:05:34
556,Wangqing,43.3218,129.7634,92.21,41,35,2.26,CN,2021-07-27 03:05:34
557,Ulverstone,-41.15,146.1667,57.18,77,72,7.0,AU,2021-07-27 03:05:35
558,Gualeguay,-33.1416,-59.3097,45.73,56,0,12.21,AR,2021-07-27 03:05:35
559,Mizdah,31.4451,12.9801,68.7,74,0,8.9,LY,2021-07-27 03:05:35
